{"n2": 403255, "karatsuba": 5144944, "_timestamp": 1680691350.1812081, "_runtime": 48.985881090164185, "_step": 100, "_wandb": {"runtime": 47}}