{"cost time": 1816.239, "_timestamp": 1680698017.0868893, "_runtime": 2149.9848182201385, "_step": 3639}