{"cost time": 1179.852, "_timestamp": 1680696813.701737, "_runtime": 946.5996658802032, "_step": 2801}