{"karatsuba": 4537865, "_timestamp": 1680692941.279923, "_runtime": 45.90379190444946, "_step": 99, "_wandb": {"runtime": 44}}