{"n": 4, "time": 7100, "_timestamp": 1680691112.959715, "_runtime": 2.4226818084716797, "_step": 3, "_wandb": {"runtime": 1}}