{"cost time": 1277.806, "_timestamp": 1680696813.3429437, "_runtime": 950.2402777671814, "_step": 2345}