{"cost time": 1717.371, "_timestamp": 1680698017.58488, "_runtime": 2154.4822142124176, "_step": 3170}