{"cost time": 554920, "_timestamp": 1680692979.8476148, "_runtime": 7.222439765930176, "_step": 99, "_wandb": {"runtime": 5}}