{"cost time": 11542640, "_timestamp": 1680694881.4260578, "_runtime": 447.96157789230347, "_step": 496, "_wandb": {"runtime": 447}}