{"cost time": 155494800, "_timestamp": 1680695462.904276, "_runtime": 260.7485239505768, "_step": 499, "_wandb": {"runtime": 259}}