{"cost time": 23.79, "_timestamp": 1680700215.9612107, "_runtime": 3.7302558422088623, "_step": 266, "_wandb": {"runtime": 2}}