{"cost time": 156754900, "_timestamp": 1680695459.3015194, "_runtime": 253.2225203514099, "_step": 719, "_wandb": {"runtime": 252}}