{"cost time": 11195500, "_timestamp": 1680695162.9986656, "_runtime": 265.21049666404724, "_step": 303, "_wandb": {"runtime": 266}}