{"cost time": 771.359, "_timestamp": 1680701077.3726726, "_runtime": 849.0751056671143, "_step": 3248, "_wandb": {"runtime": 848}}