{"cost time": 812.76, "_timestamp": 1680701065.825541, "_runtime": 798.2809510231018, "_step": 2563, "_wandb": {"runtime": 798}}