{"cost time": 2945530, "_timestamp": 1680694248.2398705, "_runtime": 72.05566644668579, "_step": 287, "_wandb": {"runtime": 70}}