{"cost time": 8010855, "_timestamp": 1680693536.9674397, "_runtime": 393.7950415611267, "_step": 470, "_wandb": {"runtime": 392}}