{"n2": 381955, "_timestamp": 1680692447.44723, "karatsuba": 4454230, "_runtime": 47.08507704734802, "_step": 99, "_wandb": {"runtime": 45}}