{"cost time": 4974010, "_timestamp": 1680694402.927919, "_runtime": 111.82611894607544, "_step": 309, "_wandb": {"runtime": 111}}