{"cost time": 3485100, "_timestamp": 1680694407.6034923, "_runtime": 113.38575720787048, "_step": 312, "_wandb": {"runtime": 112}}