{"cost time": 910435, "_timestamp": 1680693088.9635983, "_runtime": 11.278597354888916, "_step": 136, "_wandb": {"runtime": 10}}