{"cost time": 452410, "_timestamp": 1680692907.6530123, "_runtime": 5.500430345535278, "_step": 99, "_wandb": {"runtime": 4}}