{"cost time": 4421920, "_timestamp": 1680693019.9808896, "_runtime": 44.51867365837097, "_step": 99, "_wandb": {"runtime": 43}}