{"cost time": 30200740, "_timestamp": 1680695167.2371635, "_runtime": 730.6488745212555, "_step": 271, "_wandb": {"runtime": 730}}