{"cost time": 23652680, "_timestamp": 1680693529.1605244, "_runtime": 455.4519352912903, "_step": 225, "_wandb": {"runtime": 457}}